id,name,occupants,electricity_tariff,water_tariff,equipment
demo-1,Hostel Block A,100,8.5,0.02,"[{""type"": ""AC"", ""quantity"": 30, ""rated_power_kw"": 1.5, ""min_level"": 0.3, ""max_level"": 1.0, ""controllable"": true}, {""type"": ""Fan"", ""quantity"": 40, ""rated_power_kw"": 0.075, ""min_level"": 0.2, ""max_level"": 1.0, ""controllable"": true}, {""type"": ""Lighting"", ""quantity"": 80, ""rated_power_kw"": 0.02, ""min_level"": 0.05, ""max_level"": 1.0, ""controllable"": true}, {""type"": ""Water Pump"", ""quantity"": 2, ""rated_power_kw"": 3.7, ""min_level"": 1.0, ""max_level"": 1.0, ""controllable"": false}]"
37ba6e2b,Test Block B,50,8.5,0.02,"[{""type"": ""AC"", ""quantity"": 10, ""rated_power_kw"": 1.5, ""min_level"": 0.3, ""max_level"": 1.0, ""controllable"": true}]"
d0a35038,Dynamic Test A,100,10.0,0.05,"[{""type"": ""AC"", ""quantity"": 10, ""rated_power_kw"": 2.0, ""min_level"": 0.3, ""max_level"": 1.0, ""controllable"": true}]"
d224f0de,Dynamic Test B,100,50.0,0.05,"[{""type"": ""AC"", ""quantity"": 10, ""rated_power_kw"": 2.0, ""min_level"": 0.3, ""max_level"": 1.0, ""controllable"": true}]"
fcc87c70,Block A,100,8.5,0.08,"[{""type"": ""AC"", ""quantity"": 30, ""rated_power_kw"": 0.991, ""min_level"": 0.3, ""max_level"": 1.0, ""controllable"": true}, {""type"": ""Lighting"", ""quantity"": 80, ""rated_power_kw"": 0.001, ""min_level"": 0.1, ""max_level"": 1.0, ""controllable"": true}]"
8830bc97,Engineering Library,350,10.5,0.03,"[{""type"": ""Central AC"", ""quantity"": 12, ""rated_power_kw"": 5.0, ""min_level"": 0.3, ""max_level"": 1.0, ""controllable"": true}]"
27134308,Engineering Library,350,10.5,0.03,"[{""type"": ""AC"", ""quantity"": 30, ""rated_power_kw"": 1.5, ""min_level"": 0.3, ""max_level"": 1.0, ""controllable"": true}, {""type"": ""Lighting"", ""quantity"": 80, ""rated_power_kw"": 0.02, ""min_level"": 0.1, ""max_level"": 1.0, ""controllable"": true}]"
83dcd036,Engineering Library,350,10.5,0.03,"[{""type"": ""AC"", ""quantity"": 30, ""rated_power_kw"": 1.5, ""min_level"": 0.3, ""max_level"": 1.0, ""controllable"": true}, {""type"": ""Lighting"", ""quantity"": 80, ""rated_power_kw"": 0.02, ""min_level"": 0.1, ""max_level"": 1.0, ""controllable"": true}]"
331804c3,Custom Block C,150,9.0,0.02,"[{""type"": ""AC"", ""quantity"": 20, ""rated_power_kw"": 2.0, ""min_level"": 0.3, ""max_level"": 1.0, ""controllable"": true}, {""type"": ""Lighting"", ""quantity"": 50, ""rated_power_kw"": 0.03, ""min_level"": 0.1, ""max_level"": 1.0, ""controllable"": true}]"
